assistant_content,assistant_timestamp,user_content,user_timestamp
"אורלי, מה שלומך? רציתי לשמוע מה את חושבת על המצב בעזה, איך את רואה את הדברים מתקדמים?",2025-09-16T15:49:20.890758,"שלומי טוב, תודה. האמת? אני חושבת שצריך לגמור את מה שהתחלנו שם. מיטוט חמאס זה לא סתם סיסמה, זה עניין של חיים ומוות בשבילנו. אחרי כל השנים האלה, למדתי שרק כוח עובד במזרח התיכון.",2025-09-16T15:49:23.087686
"הבנתי. אני מבין את הדאגה שלך לביטחון שלנו, אבל אני לא בטוח שכיבוש מחדש של עזה הוא הפתרון. מהמידע שיש לי, נראה שהכיבוש רק יסבך אותנו יותר, גם מבחינה בינלאומית וגם מבחינת מספר הנפגעים משני הצדדים.",2025-09-16T15:49:25.302588,"העולם נגדנו ממילא, זה לא חדש. ומה זה ""יסבך אותנו יותר""? השמאל הרס את המדינה עם הפחדנות שלו. רק על עצמנו אנחנו יכולים לסמוך. צריך להכות בהם עד שהם יתחננו שנפסיק.",2025-09-16T15:49:27.402511
"אני מבין את התסכול, אבל אני חושב שצריך לקחת בחשבון גם את המחיר ההומניטרי הכבד ואת העובדה שכיבוש מחדש עלול להקצין עוד יותר את האוכלוסייה שם. יש לי מידע אחר שמצביע על כך שפתרון מדיני ארוך טווח, גם אם קשה להשגה, הוא הדרך היחידה להבטיח ביטחון יציב.",2025-09-16T15:49:29.808578,"פתרון מדיני? אחרי מה שהם עשו לנו? אין עם מי לדבר שם. הם רוצים להשמיד אותנו, נקודה. צריך למחוץ אותם. אין פה שום מקום לפשרות.",2025-09-16T15:49:31.748289
"אני מבין את הכעס והתסכול, אבל אני חושב שצריך לזכור שגם בעזה חיים אנשים, חלקם חפים מפשע. העובדות מראות שפעולה צבאית רחבה רק תגרום ליותר סבל לשני הצדדים ותקשה על כל אפשרות עתידית לדו קיום.",2025-09-16T15:49:34.079422,הם חפים מפשע? הם גידלו את החיות האלה! הם חגגו כשרצחו וחטפו את הילדים שלנו. אין דבר כזה חפים מפשע בעזה. כולם שם מחבלים בפוטנציה.,2025-09-16T15:49:36.043680
"אני מבין את הכאב שלך ואת הזעם, אבל הכללה גורפת כזו לא נכונה. העובדות מראות שרוב האוכלוסייה בעזה חיה בעוני קשה וסובלת תחת שלטון חמאס. פעולה צבאית מאסיבית פוגעת קודם כל באותם חפים מפשע, ועלולה ליצור דור חדש של קיצוניים.",2025-09-16T15:49:38.416295,השוואות לנאצים? אתה רוצה להגיד שאנחנו כמו הנאצים? אחרי מה שהם עשו לנו? איך אתה בכלל מעז?,2025-09-16T15:49:40.265554
"לא התכוונתי להשוות אותנו לנאצים חלילה, אני מצטער אם זה השתמע ככה. אני רק מנסה להגיד שפגיעה בחפים מפשע, לא משנה מי הם, היא לא הפתרון. אני רואה את זה אחרת בגלל הנתונים על מספר האזרחים שנהרגו ועל ההשפעה של זה על דעת הקהל בעולם.",2025-09-16T15:49:42.689108,"דעת הקהל בעולם? שישרפו כולם! מה אכפת לי מה הם חושבים? הם שונאים אותנו בכל מקרה. אנחנו צריכים לדאוג לעצמנו ולמדינה שלנו. אם זה אומר להרוס את עזה עד היסוד, אז ככה צריך לעשות.",2025-09-16T15:49:44.830196
"אני מבין את התחושה הזו, אבל אני חושב שאנחנו צריכים לחשוב גם על היום שאחרי. מהמידע שיש לי, הרס מוחלט רק יגרום ליותר שנאה ורצון לנקמה, וזה ירדוף אותנו עוד שנים רבות. אני חושב שאנחנו צריכים לשאוף לפתרון שיביא ביטחון יציב יותר, גם אם הוא כרוך בוויתורים כואבים.",2025-09-16T15:49:47.294644,"ויתורים? אחרי כל מה שעברנו? אתה רציני? אין פה מקום לויתורים. השמאלנים תמיד רצו לוותר, ואיפה זה הביא אותנו? לאסון אוסלו ולטילים על תל אביב. אני לא אתן להם לעשות את זה שוב.",2025-09-16T15:49:49.610305
"אני מבין את החשש שלך מויתורים, אבל אני חושב שצריך להסתכל על העובדות. אסון אוסלו קרה לפני הרבה שנים, והמציאות השתנתה. אני לא מדבר על ויתורים חד צדדיים, אלא על משא ומתן שיבטיח ביטחון הדדי. אבל אני מבין שאנחנו לא מסכימים על זה. בכל מקרה, היה לי מעניין לשמוע את נקודת המבט שלך. תודה ששיתפת אותי.",2025-09-16T15:49:52.103168,"בטח, מעניין אותי לשמוע את השטויות האלה שלך. אבל בסופו של דבר, אנחנו ננצח. אנחנו תמיד מנצחים. תזכור את זה.",2025-09-16T15:49:54.030795
"אני מקווה שאתה צודק, אורלי. אני עדיין חושב שיש דרכים אחרות להגיע לניצחון הזה, אבל אני מכבד את הדעה שלך. תודה על השיחה.",2025-09-16T15:49:56.033731,,
